Accuracy,Precision,Recall,F1 Score,Model
0.8100558659217877,0.8091625969233472,0.8100558659217877,0.8091929317716401,Logistic Regression
