Accuracy,Precision,Recall,F1 Score,Model
0.7094972067039106,0.7409543667206816,0.7094972067039106,0.6789406165942479,Neural Network
