Accuracy,Precision,Recall,F1 Score,Model
0.8212290502793296,0.8204500025626569,0.8212290502793296,0.8204168769615436,Random Forest
